<?xml version="1.0" encoding="utf-8"?>
<browserconfig>
    <msapplication>
        <tile>
            <square70x70logo src="https://john-ogletree.com/mstile-70x70.png"/>
            <square150x150logo src="https://john-ogletree.com/mstile-150x150.png"/>
            <square310x310logo src="https://john-ogletree.com/mstile-310x310.png"/>
            <wide310x150logo src="https://john-ogletree.com/mstile-310x150.png"/>
            <TileColor>#2b5797</TileColor>
        </tile>
    </msapplication>
</browserconfig>
